{
  "IcoMoonType": "selection",
  "icons": [
    {
      "icon": {
        "paths": [
          "M656.571 641.143c0-9.714-4-18.857-10.857-25.714l-103.429-103.429 103.429-103.429c6.857-6.857 10.857-16 10.857-25.714s-4-19.429-10.857-26.286l-51.429-51.429c-6.857-6.857-16.571-10.857-26.286-10.857s-18.857 4-25.714 10.857l-103.429 103.429-103.429-103.429c-6.857-6.857-16-10.857-25.714-10.857s-19.429 4-26.286 10.857l-51.429 51.429c-6.857 6.857-10.857 16.571-10.857 26.286s4 18.857 10.857 25.714l103.429 103.429-103.429 103.429c-6.857 6.857-10.857 16-10.857 25.714s4 19.429 10.857 26.286l51.429 51.429c6.857 6.857 16.571 10.857 26.286 10.857s18.857-4 25.714-10.857l103.429-103.429 103.429 103.429c6.857 6.857 16 10.857 25.714 10.857s19.429-4 26.286-10.857l51.429-51.429c6.857-6.857 10.857-16.571 10.857-26.286zM877.714 512c0 242.286-196.571 438.857-438.857 438.857s-438.857-196.571-438.857-438.857 196.571-438.857 438.857-438.857 438.857 196.571 438.857 438.857z"
        ],
        "width": 877.7142857142857,
        "attrs": [],
        "isMulticolor": false,
        "isMulticolor2": false,
        "tags": [
          "times-circle"
        ],
        "defaultCode": 61527,
        "grid": 14
      },
      "attrs": [],
      "properties": {
        "name": "times-circle",
        "id": 86,
        "order": 9,
        "prevSize": 28,
        "code": 61527
      },
      "setIdx": 0,
      "setId": 4,
      "iconIdx": 86
    },
    {
      "icon": {
        "paths": [
          "M274.286 493.714v-256c0-10.286-8-18.286-18.286-18.286s-18.286 8-18.286 18.286v256c0 10.286 8 18.286 18.286 18.286s18.286-8 18.286-18.286zM658.286 694.857c0 20-16.571 36.571-36.571 36.571h-245.143l-29.143 276c-1.143 9.143-8.571 16.571-17.714 16.571h-0.571c-9.143 0-16.571-6.286-18.286-15.429l-43.429-277.143h-230.857c-20 0-36.571-16.571-36.571-36.571 0-93.714 70.857-182.857 146.286-182.857v-292.571c-40 0-73.143-33.143-73.143-73.143s33.143-73.143 73.143-73.143h365.714c40 0 73.143 33.143 73.143 73.143s-33.143 73.143-73.143 73.143v292.571c75.429 0 146.286 89.143 146.286 182.857z"
        ],
        "width": 658.2857142857142,
        "attrs": [],
        "isMulticolor": false,
        "isMulticolor2": false,
        "tags": [
          "thumb-tack"
        ],
        "defaultCode": 61581,
        "grid": 14
      },
      "attrs": [],
      "properties": {
        "name": "thumb-tack",
        "id": 134,
        "order": 11,
        "prevSize": 28,
        "code": 61581
      },
      "setIdx": 0,
      "setId": 4,
      "iconIdx": 134
    },
    {
      "icon": {
        "paths": [
          "M292.571 786.286v-402.286c0-10.286-8-18.286-18.286-18.286h-36.571c-10.286 0-18.286 8-18.286 18.286v402.286c0 10.286 8 18.286 18.286 18.286h36.571c10.286 0 18.286-8 18.286-18.286zM438.857 786.286v-402.286c0-10.286-8-18.286-18.286-18.286h-36.571c-10.286 0-18.286 8-18.286 18.286v402.286c0 10.286 8 18.286 18.286 18.286h36.571c10.286 0 18.286-8 18.286-18.286zM585.143 786.286v-402.286c0-10.286-8-18.286-18.286-18.286h-36.571c-10.286 0-18.286 8-18.286 18.286v402.286c0 10.286 8 18.286 18.286 18.286h36.571c10.286 0 18.286-8 18.286-18.286zM274.286 219.429h256l-27.429-66.857c-1.714-2.286-6.857-5.714-9.714-6.286h-181.143c-3.429 0.571-8 4-9.714 6.286zM804.571 237.714v36.571c0 10.286-8 18.286-18.286 18.286h-54.857v541.714c0 62.857-41.143 116.571-91.429 116.571h-475.429c-50.286 0-91.429-51.429-91.429-114.286v-544h-54.857c-10.286 0-18.286-8-18.286-18.286v-36.571c0-10.286 8-18.286 18.286-18.286h176.571l40-95.429c11.429-28 45.714-50.857 76-50.857h182.857c30.286 0 64.571 22.857 76 50.857l40 95.429h176.571c10.286 0 18.286 8 18.286 18.286z"
        ],
        "width": 804.5714285714286,
        "attrs": [],
        "isMulticolor": false,
        "isMulticolor2": false,
        "tags": [
          "trash"
        ],
        "defaultCode": 61944,
        "grid": 14
      },
      "attrs": [],
      "properties": {
        "name": "trash",
        "id": 459,
        "order": 10,
        "prevSize": 28,
        "code": 61944
      },
      "setIdx": 0,
      "setId": 4,
      "iconIdx": 459
    },
    {
      "icon": {
        "paths": [
          "M733.714 419.429c0-9.714-3.429-19.429-10.286-26.286l-52-51.429c-6.857-6.857-16-10.857-25.714-10.857s-18.857 4-25.714 10.857l-233.143 232.571-129.143-129.143c-6.857-6.857-16-10.857-25.714-10.857s-18.857 4-25.714 10.857l-52 51.429c-6.857 6.857-10.286 16.571-10.286 26.286s3.429 18.857 10.286 25.714l206.857 206.857c6.857 6.857 16.571 10.857 25.714 10.857 9.714 0 19.429-4 26.286-10.857l310.286-310.286c6.857-6.857 10.286-16 10.286-25.714zM877.714 512c0 242.286-196.571 438.857-438.857 438.857s-438.857-196.571-438.857-438.857 196.571-438.857 438.857-438.857 438.857 196.571 438.857 438.857z"
        ],
        "attrs": [
          {}
        ],
        "width": 878,
        "isMulticolor": false,
        "isMulticolor2": false,
        "tags": [
          "check-circle"
        ],
        "grid": 14
      },
      "attrs": [
        {}
      ],
      "properties": {
        "order": 2,
        "id": 0,
        "name": "check-circle",
        "prevSize": 28,
        "code": 59649
      },
      "setIdx": 1,
      "setId": 3,
      "iconIdx": 1
    }
  ],
  "height": 1024,
  "metadata": {
    "name": "icomoon"
  },
  "preferences": {
    "showGlyphs": true,
    "showQuickUse": true,
    "showQuickUse2": true,
    "showSVGs": true,
    "fontPref": {
      "prefix": "icon-",
      "metadata": {
        "fontFamily": "icomoon"
      },
      "metrics": {
        "emSize": 1024,
        "baseline": 6.25,
        "whitespace": 50
      },
      "embed": false,
      "autoHost": true
    },
    "imagePref": {
      "prefix": "icon-",
      "png": true,
      "useClassSelector": true,
      "color": 0,
      "bgColor": 16777215,
      "classSelector": ".icon"
    },
    "historySize": 50,
    "showCodes": true,
    "gridSize": 16,
    "quickUsageToken": {
      "UntitledProject": "NmFiMWFjNGQ1YzQ3MDg5NjZhZjliN2QxNmExM2NkNTAjMSMxNTI3MDM0NDIzIyMj"
    }
  }
}